{
  "as_of_date": "2026-01-28",
  "policy": {
    "baseline_equity_weight": 0.8,
    "min_equity_weight": 0.7,
    "max_equity_weight": 0.85,
    "max_step_pp": 2.0,
    "allow_bond_quality_down": false,
    "optional_sleeves": {
      "gold": {
        "enabled": false,
        "band": {
          "min": 0.0,
          "max": 0.0
        }
      },
      "commodities": {
        "enabled": false,
        "band": {
          "min": 0.0,
          "max": 0.0
        }
      },
      "bitcoin": {
        "enabled": false,
        "band": {
          "min": 0.0,
          "max": 0.0
        }
      }
    }
  },
  "market_regime": {
    "stress_score": 35.383343594221,
    "stress_bucket": "LOW_STRESS",
    "persistence": {
      "window_days": 7,
      "required_days": 5,
      "stress_bucket_persisted": "LOW_STRESS"
    },
    "ecb_context": {
      "EUR_YC_2Y": 2.108454926,
      "EUR_YC_10Y": 2.9480486243,
      "EUR_YC_30Y": 3.4786277869,
      "EUR_YC_10Y_2Y_SPREAD": 0.8395936983000003,
      "EUR_HICP_YOY": 2.1
    }
  },
  "ai_cycle": {
    "phase": "HOT",
    "cycle": "HOT",
    "leadership_ratios": {
      "RSP_over_SPY": {
        "ratio": 0.28509390008915475,
        "ratio_90d_return": -0.0012774866542665242,
        "z": -2.2255154651784177
      },
      "QQQ_over_SPY": {
        "ratio": 0.9105576486152255,
        "ratio_90d_return": 0.00966098473062682,
        "z": 1.2968389608194468
      },
      "SOXX_over_SPY": {
        "ratio": 0.518334244053953,
        "ratio_90d_return": 0.27753710779255036,
        "z": 1.9577183688951325
      },
      "XLK_over_SPY": {
        "ratio": 0.21458974432716918,
        "ratio_90d_return": 0.026376342893889237,
        "z": 1.4320115617471436
      }
    },
    "ai_fundamentals_heat": 0.567550505050505,
    "ai_fundamentals_heat_used": null,
    "ai_fundamentals_coverage_ratio": 0.4,
    "ai_fundamentals_used_in_signals": false
  },
  "tilt_signals": {
    "primary": {
      "EQUITY_WEIGHT_WITHIN_BAND": {
        "direction": "TILT_TOWARD",
        "raw_direction": "TILT_TOWARD",
        "persisted_direction": "TILT_TOWARD",
        "magnitude": "SMALL",
        "score": 0.3243748757355469,
        "inputs": {
          "stress_bucket": "LOW_STRESS",
          "spy_200d_trend": 0.09237718076720092,
          "spy_momentum_3m": 0.017828502896001464,
          "spy_momentum_12m": 0.17383661582549448,
          "spy_realized_vol_21d_ann": 0.10151809844342542,
          "cash_yield_3m": 3.67,
          "t10y3m": 0.58
        },
        "rules": {
          "direction_thresholds": {
            "TILT_TOWARD": "> +0.20",
            "HOLD": "[-0.20, +0.20]",
            "TILT_AWAY": "< -0.20"
          },
          "persistence": {
            "window_days": 7,
            "required_days": 5
          }
        }
      },
      "BOND_DURATION_WITHIN_BAND": {
        "direction": "TILT_TOWARD",
        "raw_direction": "TILT_TOWARD",
        "persisted_direction": "TILT_TOWARD",
        "magnitude": "MEDIUM",
        "score": 0.5675224391096226,
        "inputs": {
          "dgs5": 3.81,
          "dgs10": 4.24,
          "dgs30": 4.83,
          "dgs10_change_30d": 0.04999999999999982,
          "rate_vol_63d": 0.03257721412770737,
          "t10y3m": 0.58,
          "stress_bucket": "LOW_STRESS"
        },
        "rules": {
          "intent": {
            "TILT_TOWARD": "longer duration",
            "TILT_AWAY": "shorter duration"
          },
          "direction_thresholds": {
            "TILT_TOWARD": "> +0.20",
            "HOLD": "[-0.20, +0.20]",
            "TILT_AWAY": "< -0.20"
          },
          "persistence": {
            "window_days": 7,
            "required_days": 5
          }
        }
      },
      "TIPS_SLICE_WITHIN_BAND": {
        "direction": "TILT_TOWARD",
        "raw_direction": "TILT_TOWARD",
        "persisted_direction": "TILT_TOWARD",
        "magnitude": "LARGE",
        "score": 0.7539263405506679,
        "inputs": {
          "t10y_breakeven": 2.36,
          "t10y_breakeven_change_30d": 0.10000000000000009,
          "dfii10_real_yield": 1.9,
          "dfii10_real_yield_change_30d": -0.030000000000000027,
          "t5y5y_forward_infl": 2.22
        },
        "rules": {
          "intent": {
            "TILT_TOWARD": "larger TIPS slice",
            "TILT_AWAY": "smaller TIPS slice"
          },
          "direction_thresholds": {
            "TILT_TOWARD": "> +0.20",
            "HOLD": "[-0.20, +0.20]",
            "TILT_AWAY": "< -0.20"
          },
          "persistence": {
            "window_days": 7,
            "required_days": 5
          }
        }
      },
      "US_WEIGHT_WITHIN_EQUITY_BAND": {
        "direction": "TILT_AWAY",
        "raw_direction": "TILT_AWAY",
        "persisted_direction": "TILT_AWAY",
        "magnitude": "MEDIUM",
        "score": -0.4282448005079037,
        "inputs": {
          "stress_bucket": "LOW_STRESS",
          "concentration_composite": 1.861911999373848,
          "usd_strength_z": 0.41844533776294485,
          "ai_fundamentals_heat": 0.567550505050505,
          "ai_fundamentals_heat_used": null,
          "ai_fundamentals_coverage_ratio": 0.4,
          "ai_fundamentals_used_in_signals": false
        },
        "rules": {
          "intent": {
            "TILT_TOWARD": "more US equity",
            "TILT_AWAY": "less US equity (toward ex-US)"
          },
          "direction_thresholds": {
            "TILT_TOWARD": "> +0.20",
            "HOLD": "[-0.20, +0.20]",
            "TILT_AWAY": "< -0.20"
          },
          "persistence": {
            "window_days": 7,
            "required_days": 5
          }
        }
      }
    },
    "optional_sleeves": {
      "GOLD_SLEEVE_ELIGIBILITY": null,
      "COMMODITIES_SLEEVE_ELIGIBILITY": null,
      "BITCOIN_SLEEVE_ELIGIBILITY": null
    }
  },
  "diagnostics": {
    "notes": [
      "SEC heat coverage too low: 2/5"
    ],
    "stress_score_recent": [
      {
        "date": "2026-01-20",
        "stress_score": 37.38658967056271
      },
      {
        "date": "2026-01-21",
        "stress_score": 35.99459398201842
      },
      {
        "date": "2026-01-22",
        "stress_score": 35.11674602437377
      },
      {
        "date": "2026-01-23",
        "stress_score": 35.142325990351445
      },
      {
        "date": "2026-01-26",
        "stress_score": 35.277907711461296
      },
      {
        "date": "2026-01-27",
        "stress_score": 35.38174209660359
      },
      {
        "date": "2026-01-28",
        "stress_score": 35.383343594221
      }
    ]
  },
  "data_coverage": {
    "tiingo_tickers_loaded": [
      "BIL",
      "DBC",
      "GLD",
      "IEF",
      "IEFA",
      "IEMG",
      "QQQ",
      "RSP",
      "SCHP",
      "SHV",
      "SOXX",
      "SPY",
      "TIP",
      "TLT",
      "VGIT",
      "VGLT",
      "VGSH",
      "VTI",
      "VXUS",
      "XLK"
    ],
    "fred_series_present": [
      "BAMLC0A0CM",
      "BAMLH0A0HYM2",
      "DFII10",
      "DGS10",
      "DGS2",
      "DGS30",
      "DGS3MO",
      "DGS5",
      "DTWEXBGS",
      "NFCI",
      "STLFSI4",
      "T10Y3M",
      "T10YIE",
      "T5YIFR",
      "VIXCLS"
    ],
    "ecb_series_present": [
      "EUR_HICP_YOY",
      "EUR_YC_10Y",
      "EUR_YC_2Y",
      "EUR_YC_30Y",
      "GBP_PER_EUR_DAILY",
      "JPY_PER_EUR_DAILY",
      "USD_PER_EUR_DAILY"
    ],
    "last_price_date": "2026-01-28"
  },
  "sec_fundamentals": {
    "as_of": "2026-01-28",
    "basket_summary": {
      "ai_fundamentals_heat": 0.567550505050505,
      "companies_with_heat": 2,
      "companies_total": 5,
      "coverage_ratio": 0.4,
      "heat_used_in_signals": false
    },
    "companies": [
      {
        "name": "Microsoft",
        "cik": "0000789019",
        "capex_to_revenue_latest": 0.12326204875615687,
        "capex_to_revenue_asof": "2010-06-30",
        "capex_yoy_latest": 0.4513343975537918,
        "capex_to_revenue_percentile": null,